"","mean.X","sd.X","mean.Y","sd.Y"
"1",10.1330082711965,1.03408359677711,223.548494983278,327.653258606174
"2",9.95216090378251,0.987811747138394,252.963210702341,307.075688565177
"3",10.0290252589663,1.00336728035492,241.428093645485,324.965383825122
"4",10.078987757604,1.02016916608488,244.789297658863,367.342422618931
"5",10.0297465448615,1.00138059100791,241.260869565217,337.392934308632
"6",10.0539871847436,0.958148932879808,210.38127090301,199.684621602215
"7",9.95877550203158,0.995221292198717,253.946488294314,345.406555238976
"8",10.0037151151401,1.01084482164898,250.270903010033,339.314434449364
"9",10.0949614281168,0.986013998410307,224.896321070234,328.070635021791
"10",9.91666272828479,1.0306247721865,271.518394648829,333.314243211441
"11",10.0224407722079,1.03106685552697,247.494983277592,326.697552917267
"12",9.92719526522695,0.98578019603779,260.14381270903,320.295746388462
"13",10.0032720649329,1.00849124245048,249.454849498328,326.066027305276
"14",9.98375156208045,0.945717805364377,236.397993311037,300.493562889859
"15",9.95229018514007,1.04881919280706,273.327759197324,351.513018650138
"16",9.92694489269296,1.00734481627479,270.545150501672,346.546839374948
"17",10.0397464906135,1.03051621133463,244.869565217391,309.514449321953
"18",9.94647571220399,0.971296645509805,252.735785953177,343.380999028181
"19",9.9702416646376,1.03002781272317,248.484949832776,268.023956421223
"20",10.0397907448052,1.06488324325848,263.434782608696,433.568165291106
"21",9.91810137069378,1.00519516605653,268.94983277592,354.374106759958
"22",10.0349543517559,0.952307332075905,225.026755852843,255.769937691451
"23",10.0267050289004,0.965835304567535,230.100334448161,258.791441190478
"24",10.0370605215869,0.984959938476814,225.006688963211,239.343439087647
"25",9.96912401820112,0.986295413035112,250.150501672241,320.745650906214
"26",9.94664349381199,1.02744145534337,265.371237458194,364.82358425178
"27",10.1235677425011,1.00937844107847,219.197324414716,289.541035551068
"28",10.0212237413329,0.931547390611611,253.588628762542,731.571211563428
"29",10.0826155298722,1.01836219743877,232.95652173913,302.677461589567
"30",10.0036211973792,1.04237909154734,249.505016722408,294.555396633906
"31",9.93704360937868,1.04452305750621,265.421404682274,339.988111236133
"32",9.97296310250186,1.04038184709683,264.839464882943,385.913377865837
"33",9.93220533703218,0.972601254966892,248.665551839465,259.875425468362
"34",10.0210079582924,1.01198963306418,252.872909698997,442.036574037876
"35",9.98253038005244,1.01807104472809,255.588628762542,356.467128116055
"36",9.97343537308376,0.941776986687584,235.719063545151,257.558909670774
"37",10.0491372043914,1.04281204826925,237.682274247492,305.131167834543
"38",9.99558003776966,1.04078229515987,256.725752508361,390.38541234722
"39",9.9464002890542,0.965872784136307,245.180602006689,305.497911588396
"40",10.1177011833336,0.987271854531683,219.344481605351,279.601307223919
"41",10.0142855299228,0.988616717925754,244.555183946488,337.579182058489
"42",9.90409449502306,0.987535584448927,258.588628762542,272.22591290231
"43",10.0060892647817,1.03198303634258,254.953177257525,414.007673244074
"44",10.0104401528763,0.976231861412554,234.076923076923,269.39113072131
"45",9.96929651309502,1.00259275852653,253.501672240803,338.106337017546
"46",9.96215461979079,1.04520189223549,257.976588628763,293.036583121261
"47",10.0131046479498,1.03910136922311,239.966555183946,268.007560656348
"48",9.89628150595481,0.987959505088028,261.986622073579,297.066259000476
"49",9.99686239696677,1.01131668088828,253.354515050167,365.675427384222
"50",10.0153956557939,0.976755446204405,237.765886287625,318.101750278643
"51",9.95325019013005,1.08109102009784,279.086956521739,377.868819515692
"52",9.84209216995636,1.00760729800011,285.819397993311,340.733152727206
"53",9.99447268612401,0.941984057585962,234.832775919732,277.628896473392
"54",10.0004044991803,0.933874814614607,223.397993311037,239.497570000675
"55",10.0428653360244,1.05777332827476,246.488294314381,306.690401511517
"56",10.0661109901857,1.0258641707946,227.464882943144,255.490161759592
"57",10.0249731263991,0.963358907288967,229.023411371237,270.954073946718
"58",9.89314153508887,1.05607275855414,288.846153846154,390.078751828108
"59",10.0617258814225,1.01487709908199,239.103678929766,329.188894315684
"60",10.0535866228282,1.02294793427891,234.749163879599,281.100140909067
"61",10.0791672402572,0.990330509081489,226.304347826087,285.656310742366
"62",9.88161862465587,1.03995323097387,283.939799331104,391.801641861108
"63",9.96296369747038,1.00141697723219,253.963210702341,307.234135600599
"64",10.016409749555,0.989814435874114,236.789297658863,304.327908003478
"65",9.98707556141254,1.06086814436842,261.913043478261,381.439070134759
"66",9.99265118035596,0.982016298430683,248.785953177258,323.303648807473
"67",10.1068864622368,1.01318742503239,230.515050167224,396.04784421451
"68",9.96452384886608,1.004031322156,261.28762541806,382.659526168056
"69",10.0093975758174,1.0148641420073,246.498327759197,304.877369720457
"70",9.98940503507478,1.03066781829308,249.628762541806,304.617252376007
"71",9.99936300494106,1.00388018337715,239.244147157191,259.956560499061
"72",9.84764265098918,1.0281094723546,289.531772575251,348.771220028261
"73",10.0663098675373,1.03221190548255,237.010033444816,318.790136148695
"74",10.0253068598938,1.03771361286854,243.8127090301,309.532151357245
"75",10.0459499759113,1.00198582862772,233.541806020067,278.71985783656
"76",9.99495832913678,0.961597773593318,242.026755852843,302.307156268896
"77",9.96498807692819,0.971083052627225,250.090301003344,331.056345504662
"78",10.0116261286622,0.976865284299583,229.197324414716,241.792893225367
"79",10.0621395854971,0.962032096772148,223.354515050167,279.486888560442
"80",9.90690954679556,1.00266713085745,265.133779264214,344.168235009218
"81",9.98912907446019,0.97390428726003,242.307692307692,300.001273444208
"82",10.0726876165504,1.06649901456304,241.207357859532,372.245404836904
"83",9.983284935074,1.04865516120419,271.923076923077,439.326342258897
"84",10.0369192848244,0.947728514530843,230.481605351171,330.158893254036
"85",10.013213920146,0.993272332892532,253.441471571906,473.014542555478
"86",10.0139549110697,0.925674784120077,218.876254180602,215.48137481142
"87",9.94084439249804,1.08449806009678,286.491638795987,448.61522477096
"88",9.96720874945187,0.998327418950224,253.451505016722,369.150085184905
"89",10.000318794548,1.02888612013393,250.404682274248,297.68855641811
"90",9.97731567255983,1.02668838451561,251.267558528428,297.541664756664
"91",9.92756612579508,1.03866905658935,274.307692307692,346.075939664195
"92",10.0355829335285,1.08622824096899,253.244147157191,334.722699902058
"93",10.0689314704235,0.988275981260976,231.264214046823,323.952499454762
"94",9.94826608593658,1.01020731390216,266.755852842809,425.247741363104
"95",9.93572232845951,0.950050439317704,244.722408026756,283.934437795055
"96",10.0102458288085,0.956169173360034,237.170568561873,321.209565397259
"97",10.0929578274939,0.991960880428171,230.280936454849,375.83888452179
"98",9.98511298783688,0.954943798639782,237.006688963211,278.525540059031
"99",9.98940722035944,1.04655202835798,261.739130434783,349.498344477524
"100",10.0481768867567,0.95324214793896,220.578595317726,259.203160084942
"101",10.0161428007275,0.951835628745964,225.929765886288,259.325515980467
"102",9.92319804461152,1.08965205745792,296,419.509349073095
"103",9.96054619262841,0.919727333429536,237.94983277592,292.953716523856
"104",10.0690117524762,1.01998117346926,232.678929765886,296.115007911217
"105",9.97681449198249,1.01988401248558,261.033444816054,367.29856217663
"106",9.91226475114467,0.934716268219063,260.578595317726,394.447429757522
"107",10.0099072058991,1.0682684902935,264.692307692308,398.310735381932
"108",9.99073776630206,1.09160890468928,257.782608695652,317.667499914449
"109",10.0670391472648,0.944312790184501,206.270903010033,215.493915708939
"110",9.95998446537284,0.998250164802453,251.869565217391,336.530890077948
"111",10.0051260813991,0.978567319612637,242.1872909699,307.805054184565
"112",9.98525140173301,1.03305646851534,245.892976588629,261.45155322172
"113",10.0507566834183,0.999338043761117,243.354515050167,357.08686374571
"114",9.94128854864649,1.02471001863287,259.869565217391,307.203318508818
"115",9.95849584433321,1.03420135616374,267.190635451505,365.616047799676
"116",10.0575150196845,1.09654242604712,240.137123745819,278.926473785255
"117",10.056125748709,1.00733959446161,234.448160535117,303.713603318266
"118",10.046694532584,0.892954319850448,209.979933110368,226.17037795526
"119",10.0841330535448,1.02586130916202,231.09364548495,281.616506925477
"120",9.99503396218602,0.922131523849629,236.244147157191,301.457918180548
"121",9.93947435371599,1.01229613367611,269.43143812709,385.316854468094
"122",10.0460449370664,0.929972849946218,221.903010033445,270.615704808305
"123",9.99124407570458,1.02739382088767,265.946488294314,445.275705044332
"124",10.0173885086047,0.98793200524307,235.023411371237,286.630592863889
"125",10.0392516173723,1.04312130815525,243.341137123746,333.658825889567
"126",9.99234284625702,0.987840243327055,238.608695652174,261.588777758076
"127",9.90963222496808,0.913463684960505,246.882943143813,288.884680685794
"128",9.89171048508591,0.912730364523691,250.1872909699,252.140896957387
"129",9.91442264048702,0.977350368513718,253.752508361204,281.347319840213
"130",9.97453792528514,0.987514670893989,241.996655518395,269.183372272955
"131",9.9312375692456,1.00152674481436,260.799331103679,309.235634618121
"132",9.95891272162165,1.02939436909294,257.47491638796,287.272212427743
"133",9.94207877164351,0.975566655149338,253.849498327759,298.265085395282
"134",10.0281627237296,1.04179913623953,242.150501672241,273.399198185619
"135",9.9919385829452,1.02553267535877,246.551839464883,313.809072604057
"136",10.0152331472379,0.945268245213219,226.060200668896,262.520724118889
"137",9.98571838209324,0.992347060995588,246.103678929766,286.683534487336
"138",10.0677433149308,1.01875097995936,242.993311036789,391.821156584294
"139",9.94419500889472,0.961809629896221,248.709030100334,275.123716439921
"140",10.0011102834711,0.979353387984958,236.080267558528,273.180730755857
"141",9.99245576756654,1.05835542937044,267.127090301003,365.979723878931
"142",9.99557570059697,0.993999464477026,284.214046822742,752.390000212306
"143",9.94138630287289,0.961980105630048,250.571906354515,300.800303909853
"144",10.0430612646617,1.02818630155252,247.006688963211,373.844896536675
"145",9.95026348783159,1.00337071992292,247.909698996656,266.835976073487
"146",9.98071259749924,0.97501382043916,260.307692307692,414.645849099601
"147",9.91741033738752,1.11571714034293,291.157190635452,383.065897620237
"148",9.95657619085219,1.00701547629956,259.448160535117,350.804119163063
"149",9.92068279679859,0.958756505873038,266.290969899666,412.011165245933
"150",9.97068065227039,0.976554875000411,247.909698996656,295.468780995891
"151",10.1153156812523,1.04219185382186,217.963210702341,232.306429453633
"152",10.0648866002717,1.08450090473953,249.715719063545,333.890142062995
"153",9.97541888863974,0.978553972015776,244.826086956522,313.282475172284
"154",9.88326941194257,0.980960166292384,269.33110367893,309.122487292853
"155",9.98873735392741,1.0204050861534,245.488294314381,299.038507929887
"156",9.97702451580128,0.989738906013101,238.548494983278,265.881401418397
"157",10.0867622364282,1.05888787268778,234.404682274248,287.99295079836
"158",10.0335624389119,1.00468289486975,229.461538461538,250.008418030705
"159",10.0129335820101,1.06478020282753,264.301003344482,404.979545882113
"160",10.1087413699222,1.04415675211643,226.742474916388,282.438917614262
"161",9.98202735597884,1.02751820466122,256.234113712375,325.42763611766
"162",10.0155219823467,0.999362464017551,246.033444816054,304.65654369461
"163",10.0861923357909,1.04135971464553,235.478260869565,334.231205435546
"164",9.9970662326065,0.937125289283221,230.692307692308,242.02551097098
"165",10.1559739366288,1.0039379208025,204.648829431438,220.988141798919
"166",9.95825033666896,0.92017753078753,230.377926421405,265.454898242724
"167",10.09643930041,0.981232180931515,216.408026755853,244.909175198539
"168",10.0338004328589,0.958330689927704,239.060200668896,378.088147619612
"169",10.0747080514476,1.00894076839791,220.602006688963,234.905161777081
"170",9.99298560064294,1.05695972295354,261.47491638796,417.507635914067
"171",9.90543409304965,1.03792146082007,281.240802675585,390.104282487979
"172",9.89493821586127,1.0511561102487,291.752508361204,407.803609817187
"173",9.90027946637256,1.0041818739831,273.528428093645,372.689186714385
"174",10.0197123419117,1.06739721608394,244.270903010033,274.569724747357
"175",10.0469295655554,1.06648596066418,264.929765886288,513.526697988781
"176",9.98216543513162,0.962814537104169,242.247491638796,279.158645362453
"177",9.96215239906812,1.01474663659647,257.909698996655,338.63080290698
"178",9.98169137322033,0.973884128933392,239.418060200669,269.572410255058
"179",9.94443206401816,0.924046191501777,246.264214046823,314.70993423843
"180",10.004831553514,1.01288715335277,245.451505016722,331.436309119506
"181",9.96902046216206,0.937279712854434,240.545150501672,287.410167701519
"182",9.9077925029822,1.01858870285699,283.983277591973,405.842130994174
"183",9.89534297760327,1.05641117189425,279.180602006689,332.508183516852
"184",9.99137997929183,1.05134000244014,255.986622073579,337.384004160517
"185",9.96717725804339,1.00159476114315,258.133779264214,391.341671932217
"186",10.1275639898348,1.03343225257723,231.113712374582,400.230077009317
"187",10.0059443756857,0.932643059124334,222.010033444816,232.022006086466
"188",10.0800004006545,0.936161825860164,212.688963210702,252.004661147759
"189",10.0872629273975,1.04956911398112,226.421404682274,251.562985981923
"190",10.0696299740714,1.01742162223664,238.94983277592,395.532561923691
"191",9.9149792121629,1.02672539557558,281.635451505017,375.098632506306
"192",10.0972428801545,0.883199108692138,201.468227424749,219.992697012409
"193",9.98900674249596,0.942749099550534,230.290969899666,235.112494034387
"194",10.0111500280325,1.01357803730052,245.130434782609,293.72150390438
"195",10.0086641958369,0.986737783580567,239.993311036789,296.052428166979
"196",9.97220236204669,1.03133005941236,270.76254180602,443.907444478369
"197",10.0835752727553,0.972236721064742,217.802675585284,249.608642388907
"198",9.94807945221903,1.00315065331324,255.036789297659,285.24199425453
"199",10.0049139547741,1.02211272961317,243.979933110368,317.62497344674
"200",9.94403999496689,0.962908259509638,243.986622073579,251.283136293567
"201",9.99799622162541,1.04008404568936,241.66889632107,265.588382012819
"202",9.99677936418903,0.977842721366758,239.066889632107,271.951267978398
"203",10.0690531300908,0.992184105772994,218.913043478261,229.6799037465
"204",10.0857024078953,0.995743256697849,222.923076923077,282.281329698833
"205",9.96608436102165,1.06353146913458,280.083612040134,426.842759465022
"206",9.93794946984008,1.05297923952024,287.204013377926,440.512539168917
"207",10.0778491037766,0.935529336384815,212.464882943144,251.843847308374
"208",10.046907348732,0.991599659196891,226.33779264214,253.581479452435
"209",10.0073825743531,0.950490951472423,234.779264214047,296.807156290006
"210",10.0811077188512,1.00777079998661,229.832775919732,308.469689148669
"211",9.93071159904013,0.970541029715779,252.317725752508,290.278313662474
"212",10.0808553837873,0.977732035336815,218.107023411371,249.409090748155
"213",10.0019348676486,1.02572632841875,247.458193979933,308.898564112592
"214",10.1021198675894,1.05869730275714,232.290969899666,311.970419381695
"215",10.0613845382122,0.995266711675457,225.110367892977,267.758038110311
"216",10.062926781791,0.970047149468958,221.09364548495,247.355797445612
"217",9.96512129423449,1.01039522236142,255.488294314381,327.407370521668
"218",9.91719940512749,1.00900458978113,274.702341137124,376.087865056589
"219",10.0518706306234,0.930867906596494,218.672240802676,246.233191976362
"220",10.0460588528523,1.06117752585322,244.528428093645,302.1944599737
"221",9.93133519022732,0.993296723795023,253.591973244147,284.985530191581
"222",10.0960223696032,0.974539442882195,225.040133779264,299.201765319745
"223",10.0279883186868,1.03222551390458,246.892976588629,314.393421379777
"224",9.9454437309299,1.02727197848897,261.488294314381,322.623706615882
"225",9.94222473965321,0.991261838310821,260.541806020067,329.106958335607
"226",10.0812076230059,0.996920589013968,226.692307692308,277.348396778607
"227",10.0545422571094,1.0015905862834,226.872909698997,263.569910816493
"228",9.94563736477108,1.02170582203391,273.909698996655,416.250733364422
"229",10.080837873485,0.979411788100419,210.899665551839,206.12107107107
"230",10.0882647334209,0.931828488774554,206.505016722408,216.5487897229
"231",10.0235945134078,0.939254065803706,223.565217391304,235.839792327696
"232",9.97845159602764,0.983110496177288,255.979933110368,399.609322131283
"233",10.0250429006324,1.03677626875574,247.986622073579,356.100656658731
"234",10.0768549095503,0.927870995508069,209.257525083612,223.977146864014
"235",10.0190724094456,1.03491532382809,242.789297658863,290.623731725615
"236",9.87628627135576,1.08753444014683,297.451505016722,408.583237421813
"237",9.94088608958875,1.10485452243769,289.515050167224,477.296112985135
"238",10.0559431555707,0.991488624515027,224.290969899666,253.778226423731
"239",9.97897441757563,0.947331660152876,237.023411371237,276.006497565529
"240",10.0507902680374,0.974553221367682,220.969899665552,239.364277786372
"241",9.96642656113074,1.04713482064629,259.591973244147,313.798861650164
"242",9.96195497681683,0.975212173632648,246.90635451505,290.421328844965
"243",10.002559674152,1.00812040966051,245.357859531773,299.028845935377
"244",10.0344716902028,0.99119895603191,249.993311036789,410.191246878222
"245",9.92289144413992,1.00692257685763,270.107023411371,373.26367857381
"246",9.97698207445771,1.00084928774611,241.57525083612,247.706303800429
"247",10.0130768483597,1.00164425121801,236.993311036789,288.016125495972
"248",10.0903852032099,0.918292763681909,205.147157190635,208.734084110401
"249",10.1523585644374,0.941836657070188,194.290969899666,225.195647120325
"250",9.94028946596706,1.03651562194708,284.214046822742,529.310582064298
"251",9.98171468277372,0.991792375989098,240.816053511706,260.179796396318
"252",10.0085038590897,1.00820166449877,236.541806020067,257.779132786351
"253",10.1263868920664,1.03348305274624,232.90635451505,371.937613742589
"254",10.0818190631838,1.03913776266697,227.622073578595,252.401182034336
"255",9.98215695766773,1.10031614657267,261.170568561873,341.510316552944
"256",10.0666534598521,0.97556283927895,222.782608695652,284.164883070293
"257",10.0515507987702,0.935993476801145,213.966555183946,221.610636128946
"258",9.95589687045234,0.956653170250588,244.183946488294,278.865010781317
"259",10.0174046845873,0.931572479342611,223.073578595318,229.728877122861
"260",9.98877018583339,0.997422896363177,250.642140468227,327.958873204437
"261",9.94654012714826,1.02608679721628,297.040133779264,959.206938780162
"262",9.99213138270616,0.967568233295958,246.250836120401,354.272930596349
"263",10.0461501523875,0.978803517383606,225.642140468227,245.352018776188
"264",9.99401520933315,0.969087846857554,236.254180602007,283.937065778788
"265",9.9155085505395,0.983397657749435,264.585284280936,309.939150637923
"266",10.0309496565291,1.03370491175058,233.073578595318,252.959996182587
"267",9.98312760990468,0.95557738389081,232.070234113712,248.356716859048
"268",10.0373487054416,0.955525249681606,217.715719063545,225.482992677898
"269",9.95084771681151,1.00733746274305,253.558528428094,285.033200266571
"270",10.0422675821608,1.03076288656452,233.896321070234,268.75826683682
"271",9.92590160463398,1.01750799082629,274.822742474916,488.207355018815
"272",10.0089189721391,1.00945807445644,239.581939799331,294.839819681891
"273",10.0626813747729,1.0132427912346,238.648829431438,318.097797037592
"274",9.92130886561629,1.02137372670399,266.09364548495,322.90787317252
"275",9.94193135916603,0.999107266388276,256.247491638796,282.894908307611
"276",10.0352519956465,1.02264754640824,244.120401337793,332.873515619943
"277",10.0645394378679,1.10834395989328,250.177257525084,328.587661096196
"278",9.93474634160998,1.03313363210802,275.785953177258,421.574359523197
"279",10.015750801273,1.04009572501179,241.23745819398,282.616918493959
"280",9.89180796341274,1.01812284383704,276.688963210702,346.522194266675
"281",9.98966863893599,0.99262028230652,230.578595317726,220.976834576606
"282",9.98661435069813,1.00386565006153,253.933110367893,322.884195284399
"283",9.97337384296827,1.05882347208031,279.635451505017,452.815833136357
"284",10.0373803707895,0.969682205803093,227.327759197324,272.152419047276
"285",9.99440849274825,0.964335823024146,240.471571906355,301.357713530893
"286",9.98738832527905,1.09191857859904,264.157190635452,323.473024154781
"287",9.89442840038024,1.00736655548564,261.996655518395,292.924670188232
"288",9.92772046091878,0.94782374343818,251.571906354515,308.61688203862
"289",10.0056990966933,0.985768705409554,247.892976588629,369.501426172883
"290",9.95727806760098,1.04036878868157,264.160535117057,322.880981949093
"291",9.98107625889199,1.06440571621534,256.792642140468,304.148923385711
"292",10.0090868655234,0.969622025371523,238.401337792642,331.827681484753
"293",9.99364033060401,0.981070988190582,236.511705685619,274.94251204503
"294",9.98673455850035,0.988684582248285,243.117056856187,286.072167309981
"295",10.0643294885777,1.03027777173103,236.498327759197,311.049353801852
"296",10.0771336846675,0.957954665373373,215.622073578595,236.878627590394
"297",10.0209592011259,1.00067129257354,234.695652173913,285.353714943471
"298",10.0230868772569,0.988808235935765,235.314381270903,281.493788886623
"299",10.0043355232477,1.02402506710941,267.147157190635,470.564046540164
"300",10.0687704790172,1.05570076474406,239.357859531773,316.340509286334
"301",10.0556511877213,0.956105535281197,219.147157190635,247.796392422481
"302",9.96204513501055,0.999814080583429,261.227424749164,342.441610832054
"303",10.009450225536,1.00145180500143,242.648829431438,303.337587024169
"304",10.0178296599503,0.938032055638862,225.030100334448,285.664824065511
"305",10.0717902387914,1.01381729664496,232.244147157191,284.655574153814
"306",9.97043759465309,1.00527677200538,270.307692307692,421.206798084635
"307",9.95368696961822,1.0195391553474,250.411371237458,267.513359142914
"308",9.94963790706753,0.949775978597497,235.709030100334,235.404732762054
"309",9.97388148095659,0.872931743023176,220.150501672241,212.792067169852
"310",9.95285593022262,1.0227582601155,273.284280936455,424.419330269539
"311",9.90856781461038,0.997166023421977,268.591973244147,344.757799531845
"312",9.91761753468978,0.966759320810207,242.632107023411,237.899078567214
"313",9.98148541074825,1.006256723029,255.454849498328,354.429090703827
"314",10.045026108785,1.04613149480872,242.655518394649,303.762035519254
"315",10.0237877635603,1.02097772731718,240.200668896321,291.864200056668
"316",9.98181293063783,1.04327878028435,264.163879598662,423.589451460875
"317",9.91881822848828,0.98800284427433,261.451505016722,311.953608487542
"318",9.94649978197058,1.01669645741074,254.765886287625,270.274305179762
"319",10.1498325453945,1.04433725123857,222.056856187291,289.10641101635
"320",10.0301223258977,0.988448588366434,233.608695652174,282.534747030939
"321",10.0290005571878,0.961678486978741,229.063545150502,283.677053081683
"322",10.0386769293954,0.976066531807301,230.672240802676,278.635432588814
"323",10.1240084266661,1.01038111891519,217.973244147157,259.596148576106
"324",9.96566735761442,0.964773792719034,245.107023411371,301.992091629701
"325",9.96446543172486,1.0052488960275,261.451505016722,355.655864730015
"326",10.0418638351012,1.04169541268445,240.364548494983,271.453082602518
"327",10.0241015148568,1.01037614462889,236.555183946488,270.961275617219
"328",9.95196929793391,0.934522325075327,239.665551839465,257.410508037781
"329",9.96968105951853,1.0128995968099,259.692307692308,382.891838567109
"330",10.0425406952127,0.985781809275135,231.224080267559,282.590841761946
"331",9.88018579367717,1.02862018779907,295.267558528428,458.632774812201
"332",10.0885507872396,1.04076201663956,228.709030100334,290.371283302095
"333",9.93219342768898,1.04692981202867,274.531772575251,357.671048150535
"334",9.94388887564671,1.04298542890347,278.030100334448,388.431447006824
"335",10.1259463330272,1.0719774959739,234.006688963211,346.835492727475
"336",9.91743175372418,1.02372643514715,273.220735785953,373.248506703649
"337",10.051534395988,1.05676394798057,234.628762541806,253.5962401051
"338",10.0173515569973,0.983365755356755,252.107023411371,497.462084404736
"339",9.99276527664537,1.01120356796372,244.220735785953,278.095955576815
"340",10.043983288094,1.06717717604482,242.391304347826,277.36164225659
"341",10.0555734645592,1.03290316331132,238.862876254181,386.61100829905
"342",10.0954319363412,0.987442118418676,215.565217391304,228.770961032238
"343",10.0286762223222,0.97887367577639,228.05016722408,267.099435066904
"344",9.95344571271869,1.01748516061039,257.274247491639,309.838838340158
"345",10.0892368566299,1.00733959659611,230.274247491639,296.557494180668
"346",9.96521733549494,1.04992511904275,271.267558528428,395.503054889897
"347",10.0500598785373,1.08116032568411,263.645484949833,443.805675858451
"348",10.129593260867,1.03196154830368,222.705685618729,315.603077219021
"349",10.052229768448,1.07051644411404,244.264214046823,305.870350912633
"350",10.0053244013877,0.96679436023837,239.397993311037,331.71470133717
"351",10.1030195495855,0.961725113149724,209.602006688963,237.886045408272
"352",9.92604950508114,0.978344601184639,255.003344481605,278.76943756021
"353",9.94740453066561,1.0542336002698,275.95652173913,401.150528387344
"354",9.95339495578171,0.996292848786358,252.966555183946,301.885004471356
"355",10.0449588695024,1.03306585765286,233.33779264214,263.348257970922
"356",10.0514613518966,0.99924393445595,227.354515050167,293.358923146968
"357",9.99848650525328,0.954891118580771,234.23745819398,270.96481940886
"358",9.93473791445091,0.991904873175211,254.063545150502,282.583276272678
"359",9.95256470970396,0.977706211676164,253.033444816054,306.342231231804
"360",10.0194536578138,1.01610235444562,244.688963210702,328.929369999473
"361",9.90819105590075,1.01802921754063,274.311036789298,348.548505447366
"362",9.9297981228715,1.01177920847024,271.14381270903,379.556111351944
"363",10.0271124034287,1.02594694560304,241.548494983278,301.423034612
"364",9.99081717942475,1.00237975751524,245.066889632107,296.281896095114
"365",10.0327198444619,0.969933770155117,235.996655518395,330.452724825324
"366",9.97547931944376,1.0672608308405,277.030100334448,444.488117963116
"367",10.0910014406522,0.99147158349207,220.765886287625,260.752895522992
"368",9.98343045020496,1.01996713837532,259.42474916388,384.006619843213
"369",9.99958209124912,1.03209053272826,252.230769230769,321.241044984858
"370",9.95456979108374,1.08022448044954,277.408026755853,389.466379991147
"371",10.0063941533631,0.935501888551419,227.304347826087,253.864475975354
"372",9.98534446693665,1.00093855141656,238.153846153846,242.989704280169
"373",9.96126765207106,0.934896491169328,227.939799331104,214.703783116468
"374",10.0545761079173,0.959987332043986,218.046822742475,237.388655245359
"375",10.0950373411595,0.979728841535167,213.394648829431,242.435568354736
"376",10.0060085308058,0.94258270659837,234.508361204013,284.848474549796
"377",9.96254285475366,0.937606644157894,241.070234113712,279.37429804175
"378",10.0752743880578,0.991430652235671,233.896321070234,362.626685967376
"379",9.9450437603628,1.00796986465874,267.521739130435,435.240181354412
"380",10.0729925479155,1.00847223997682,237.33779264214,326.963377066549
"381",10.018124401225,1.0621895147083,254.505016722408,329.694360914838
"382",9.89073016411247,0.960090064390484,261.909698996655,315.827795667753
"383",10.0707157205918,1.02184453058368,230.702341137124,280.503325826753
"384",9.90758489694946,1.0466064997042,298.33779264214,539.372668427051
"385",9.97957742158375,1.02172646626122,264.351170568562,408.064814758547
"386",9.95443218913161,0.988356993929795,248.103678929766,269.879651191711
"387",9.92671913873231,0.912769299273994,242.060200668896,279.019417406553
"388",10.0486147851378,1.02763137505363,245.66889632107,388.093205700891
"389",10.0269601624173,1.00718711086299,232.046822742475,261.600721324673
"390",9.96425278698625,1.03698374040322,257.117056856187,308.136175025092
"391",10.0051024195162,1.02146943481576,251.023411371237,335.131972583017
"392",10.0346017831938,0.986373267143611,239.508361204013,361.882738660735
"393",9.94610855796071,0.953103713460937,241.464882943144,259.454942237076
"394",10.0017929787087,1.03196537486522,247.351170568562,304.729091519704
"395",9.96855238636954,1.05316840894113,268.943143812709,364.513632161671
"396",10.0504123885377,1.00264337992198,230.1872909699,281.346233419634
"397",9.96647959478875,0.928877020894455,234.344481605351,240.88512340777
"398",9.92584323053911,0.925019279208719,243.123745819398,256.312849037841
"399",9.89692336662202,1.06145381807599,281.083612040134,343.323770086448
"400",9.97644496928068,0.960706211632342,244.471571906355,340.75006343764
"401",9.98123002407516,0.998545658210522,249.244147157191,294.418407341323
"402",10.0221082490764,0.95499829893145,229.297658862876,308.031891208057
"403",10.1169342967434,0.988851853487415,215.752508361204,260.05165778522
"404",9.99461678135115,0.969323150202127,242.862876254181,307.748804663097
"405",9.96950469208317,0.996513247245317,249.096989966555,315.931456477907
"406",10.0015576303031,0.952769637032066,235.826086956522,288.72131285791
"407",9.88650186391089,1.00790730019964,262.053511705686,273.880008163894
"408",10.099429691119,0.965659747354748,207.889632107023,218.101166091645
"409",10.0053984291058,1.04266052054296,254.591973244147,355.160660406605
"410",9.99309999027771,0.991452049697278,237.866220735786,262.795060433065
"411",10.0466790084297,1.01080102763814,234.852842809365,282.012170265989
"412",9.97912971474358,0.991387878909635,254.672240802676,363.83853026588
"413",9.95680272512375,0.96759796088448,256.648829431438,381.811665716861
"414",10.0730099730163,1.08602931994135,257.809364548495,408.333633385277
"415",10.0475182364631,1.04095747178793,241.133779264214,314.089504667667
"416",10.0322459632372,1.01837096403178,234.966555183946,293.882342260395
"417",10.0087010264585,0.952799102577772,230.872909698997,245.408652277474
"418",9.94140924910927,0.932584603978417,253.745819397993,347.908635128382
"419",10.0620254466692,1.00029902546057,234.548494983278,325.83043129177
"420",10.0676561488999,1.08112610707338,253.685618729097,447.699520397663
"421",9.96734692267639,0.987868253640306,242.795986622074,269.495306051587
"422",9.99502521913558,0.964601293198434,237.498327759197,299.8321384355
"423",9.98600047643965,1.00049634541419,238.030100334448,251.668584197825
"424",10.0223896087577,0.978654228868773,236.555183946488,299.93110976061
"425",10.0432513192723,1.07468996513596,271.153846153846,549.090935498454
"426",10.0079431257107,0.987818596510826,235.94983277592,261.382824026906
"427",10.1121232309881,1.01511139236068,222.444816053512,262.041058309218
"428",9.97578790438845,1.00851141458889,249.083612040134,289.47225127935
"429",9.99077751920921,0.973783783309868,231.140468227425,258.885440837511
"430",10.0070556076032,1.03993363725664,245.498327759197,276.916268867752
"431",10.0764501027071,1.03661380417352,223.341137123746,253.080651415414
"432",10.0067772339254,0.939607617795845,233,335.689653734161
"433",10.0775478618506,0.938949275423324,216.769230769231,287.637770182068
"434",9.90801805056065,1.0117174965004,263.056856187291,285.530461435436
"435",9.94417984353924,0.957375139659291,251.123745819398,308.668043609398
"436",9.95745553098559,1.04305469887704,265.722408026756,333.252166649719
"437",9.94249242773346,0.916306955454486,244.785953177258,286.490031105499
"438",9.97611998356748,0.944034766077005,232.8127090301,243.57117609544
"439",9.99820668532605,0.966136055661104,226.598662207358,221.356509186602
"440",9.92067605566039,1.02485012743753,268.33110367893,331.155401691688
"441",9.99360762012792,0.964753308750534,239.371237458194,344.698456842797
"442",10.139713372448,1.02688310122872,219.889632107023,294.951442698394
"443",10.0754079923104,1.02590027558764,241.311036789298,457.16926679507
"444",10.0149272029858,1.07062615794079,258.802675585284,329.171582508382
"445",10.0136439990134,1.00926237422032,251.401337792642,403.951695894019
"446",9.94243561762748,0.975434833413479,251.374581939799,290.434643312946
"447",10.077976753732,1.02903630861835,233.428093645485,280.710048906504
"448",9.94327099423563,1.02236989755752,252.284280936455,267.580878045697
"449",10.0184140689376,0.984433906900899,237.170568561873,288.578501184078
"450",10.0350897683998,0.961165803707509,223.130434782609,244.683290111682
"451",9.93982971750171,0.970521653927037,244.414715719064,253.910810949335
"452",9.94107100403121,1.00941436971996,269.33779264214,383.262219814833
"453",9.97898535655498,0.924173622905618,232.177257525084,259.341070064083
"454",9.91167685131602,1.04625188003844,295.170568561873,607.705703845692
"455",9.99492188794731,0.957304927996126,253.294314381271,419.722295936039
"456",10.1348975767563,1.00607042524282,210.735785953177,252.408227239437
"457",10.0585719968004,1.05396118131836,256.247491638796,418.732017286395
"458",10.0758127148057,1.04982350934612,229.989966555184,267.974023144409
"459",9.93738928650011,1.01875978559232,268.204013377926,454.225923723533
"460",10.088981901761,0.980523360380956,235.632107023411,425.148720650054
"461",9.99511982805571,0.993130747348158,250.822742474916,331.392129722657
"462",9.96927483061759,1.01372852168066,263.163879598662,359.790333099167
"463",9.99073791219773,0.942459570882332,232.418060200669,271.911483465704
"464",9.97927463098308,1.04335180459299,257.020066889632,315.909839102245
"465",9.94682525358252,1.07517765818741,266.615384615385,331.034137056509
"466",9.99652606362415,0.979361252708657,255.652173913043,450.280940736887
"467",9.99471200556123,0.991823856174708,242.996655518395,346.186332050883
"468",9.96445944693455,1.07653350728648,281.357859531773,417.052025101234
"469",10.0071255877293,0.996717767921484,243.839464882943,300.85306171954
"470",9.98981572118153,0.991797780941832,241.913043478261,280.340599046217
"471",10.0196532504035,0.943712874887642,228.692307692308,294.292050602819
"472",9.91158083025634,1.0105968736516,263.494983277592,317.658013010504
"473",9.94201608388625,0.971523489225043,243.327759197324,246.799825685483
"474",9.964094008572,0.884389073210725,227.314381270903,243.127872893504
"475",10.0950842421785,0.972406969035384,217.394648829431,261.30313230257
"476",10.0399105177693,1.00842929790958,243.969899665552,312.186996153651
"477",10.0626451305235,1.07936996983454,237.715719063545,279.174483195578
"478",10.0718992219918,1.03475169018082,239.742474916388,383.299763404661
"479",9.99034698326205,0.941301629918484,231.585284280936,253.146127092467
"480",9.98252779979745,0.983672655435563,237.183946488294,254.116292691395
"481",9.99172040387212,1.03626782174427,256.247491638796,319.511506791031
"482",10.0224561869323,0.975833084794133,230.822742474916,263.701068843553
"483",9.96252602854676,0.960747097293043,249.892976588629,305.912994689068
"484",9.97011968977604,1.01451641253555,254.006688963211,310.873342141838
"485",9.9713693641367,1.03232035699904,261.04347826087,332.704710333043
"486",10.0832290950757,1.03357995567752,234.903010033445,300.536367202113
"487",9.98483843150668,1.03938271720778,252.729096989967,292.978817389781
"488",9.96553305214646,1.00405944342561,257.678929765886,365.508706720898
"489",9.99833167873355,0.98537470874598,243.056856187291,308.039884726036
"490",9.97116450867184,0.965882262491133,256.682274247492,549.605577963905
"491",10.0368068847695,0.985497960169331,231.056856187291,272.738449539476
"492",9.96022572616398,1.03690657815001,261.565217391304,323.886038653154
"493",9.98146340218183,1.01630940369161,247.819397993311,275.19959960446
"494",9.99354683320822,0.999867754940928,239.625418060201,260.893611779189
"495",9.99315320504674,0.950061370978064,233.976588628763,254.547940106544
"496",10.0371688982011,1.05388387916004,247.080267558528,308.686544567857
"497",10.0479728232111,0.956075857540352,220.612040133779,241.532738458301
"498",10.0651938379546,0.966715266410771,227.545150501672,298.203154370874
"499",10.0570495659844,0.920902657307243,211.869565217391,225.215556052563
"500",9.99399561969322,0.95416749759246,237.943143812709,289.243691139338
"501",9.96208125200772,0.978073358447617,250.842809364548,339.783930613986
"502",9.9283145603551,1.07288713644701,275.688963210702,369.003947131445
"503",10.0140115496966,0.94444867367958,223.046822742475,228.391290755342
"504",10.0026027637153,0.967621463457642,227.053511705686,225.355104893111
"505",9.99580631877355,1.0311679764055,263.157190635452,402.568571890504
"506",10.109136117726,0.992714976068361,209.571906354515,231.118503001329
"507",10.0351166268677,1.07217914315463,253.073578595318,341.87689796178
"508",10.004729637466,0.944920504337061,230.819397993311,294.906186012823
"509",9.99624343375927,1.04503174732301,244.290969899666,279.235315390329
"510",9.99906253798545,1.00984888485812,240.076923076923,266.504613145973
"511",9.9051171079305,0.988172347759507,265.240802675585,322.09205332137
"512",10.0051151450277,0.93703061149271,233.983277591973,290.417778892071
"513",10.045637098318,0.981201219927628,226.558528428094,266.912773410917
"514",10.0302972472045,0.97501358443949,232.561872909699,307.570920535243
"515",9.93720940983936,1.03993632799734,281.19397993311,452.431761880472
"516",9.97563651429955,1.00555232742107,246.280936454849,306.825926215139
"517",9.91652565790948,0.945615858897764,252.979933110368,297.362329996028
"518",10.0453799174719,1.0014099589177,234.725752508361,287.254403484368
"519",10.098949641548,0.990282846480094,218.137123745819,255.337540634884
"520",10.0651051079474,1.00172423639436,225.387959866221,262.373606494156
"521",10.0808155503642,1.04812475198734,240.170568561873,349.451277921473
"522",9.92576557556916,1.04115743962903,294.842809364548,492.115490933015
"523",10.0163023552551,0.981541507816466,231.929765886288,255.340406591937
"524",9.98088194785366,0.939487824410453,237.314381270903,288.591560431376
"525",10.0737285418294,1.09454586715118,244.411371237458,308.978987585871
"526",9.98863162585169,1.04750504652098,253.14381270903,308.440050063867
"527",10.0013995422019,0.97330523392156,239.267558528428,283.572029575277
"528",9.87983569248366,0.962354239991206,268.391304347826,330.72741273573
"529",10.0154896440002,1.05923934234631,249.301003344482,303.274793492828
"530",9.92814116121925,0.985098498465497,266.548494983278,434.620138266341
"531",9.9228500045063,1.07138381010818,276.484949832776,333.558386074138
"532",10.0350590650967,0.961226247986789,227.739130434783,275.1193984374
"533",10.0298523836636,0.981260561061969,230.123745819398,279.104839587607
"534",9.95492619630547,0.972085646131165,251.842809364548,321.116778252558
"535",10.0474471982439,0.962321474797203,222.217391304348,262.075741329051
"536",9.88062705589597,0.949106021353233,273.314381270903,364.733378984574
"537",9.97372501010487,1.0102142475814,247.14381270903,286.464861427007
"538",10.0783288554728,0.95165535517975,211.438127090301,224.877219336122
"539",10.0786622771227,1.05088351833329,251.204013377926,467.561303288491
"540",9.96714299791907,1.02978390564514,248.675585284281,257.165548303299
"541",9.95716895807692,0.969196356288357,242.28762541806,258.512064445367
"542",9.93821463407409,0.965649633112422,244.367892976589,247.818830853128
"543",9.93220215035184,0.909415559630011,233.688963210702,217.188982082847
"544",10.0045733107577,0.944453666022116,223.545150501672,232.215866221628
"545",10.0659516308243,1.02991417006406,230.822742474916,269.800993061336
"546",9.98419487444721,1.0110872671642,252.558528428094,305.862427543924
"547",9.94963610664714,1.03135298316847,250.826086956522,280.090547179301
"548",9.90374936208865,1.02398025917946,272.903010033445,310.171754689264
"549",10.0117863475678,0.979710457346559,243.086956521739,312.58148864586
"550",10.0368798614176,0.97332192857051,233.555183946488,302.948053222371
"551",9.92214715574797,0.949026167753934,253.775919732441,305.202078433191
"552",9.95834435828944,1.0390821748036,257.943143812709,314.678060867652
"553",9.90528657224407,0.96223262679559,257.645484949833,309.901512940538
"554",9.95110399240457,1.0453945273929,265.150501672241,350.068920478979
"555",9.96847722776019,1.01901918263125,267.903010033445,434.951251558747
"556",10.0430552278419,1.03608154094909,239.558528428094,304.673715481349
"557",9.98840498647538,0.989505982225218,238.655518394649,289.123725393156
"558",10.0221895993133,0.958869756391383,238.210702341137,355.637152607269
"559",9.98697112081131,1.03809297677182,249.879598662207,291.745692707298
"560",10.0153905670042,0.961795465523009,230.210702341137,267.494977220313
"561",10.0637040960072,1.04115051742283,240.752508361204,325.41128176622
"562",9.96331435999264,0.991739259673134,250.177257525084,315.488976000253
"563",10.1304110583222,0.893422682307856,192.678929765886,202.08433332654
"564",10.077778304,0.952870841614183,211.80602006689,225.573487996988
"565",9.99695146671429,0.981982375398958,232.267558528428,242.985890407875
"566",9.96058607530687,0.955122021550223,241.47491638796,261.716959683836
"567",9.94954047117748,1.03979256063192,272.919732441472,416.03977478919
"568",9.91456524733452,1.09415481781569,300.963210702341,563.1289402437
"569",9.90528766887426,1.01757728252773,275.354515050167,377.987218017461
"570",10.0896365688796,0.965976687413645,218.785953177258,256.722281598498
"571",9.89056430104098,0.974669243386398,263.588628762542,313.649755510834
"572",10.0766821572169,0.951116547754506,214.919732441472,227.850092553061
"573",10.0124921712095,0.960518358245454,230.722408026756,267.69082110571
"574",9.89532883834934,1.0596762414553,291.836120401338,425.605762413602
"575",9.97557094660268,1.08888089800917,270.90635451505,380.50546291542
"576",9.96292343836713,0.981144792624097,241.923076923077,252.62414205739
"577",10.0543905568992,0.983432328676921,233.280936454849,305.440733392302
"578",10.0600111483761,1.02515476615155,232.357859531773,280.765831332314
"579",10.0741095688248,1.04813975564283,253.973244147157,497.145400881163
"580",9.97727223564623,0.942558805226716,233.371237458194,261.383437343668
"581",10.0723277199003,0.984100654325349,221.759197324415,265.277268283225
"582",10.0464590755864,0.942139355695237,221.802675585284,256.835369918435
"583",9.98308252223208,0.998841025929778,277.993311036789,565.110786746625
"584",10.1029204672511,0.929429066401029,203.886287625418,232.942702101496
"585",10.0055724763581,1.03592873474492,258.799331103679,345.62196615592
"586",10.0023337268664,1.00359489778438,248.270903010033,361.392826932934
"587",9.99267265202319,1.03768508826409,240.628762541806,255.555427423047
"588",9.96178820948796,1.06943465042126,267.280936454849,334.734465540369
"589",9.97024554368099,1.01764418180022,262.351170568562,375.158383229023
"590",10.0788433394843,1.06984155539055,243.04347826087,374.427412678402
"591",9.99118421773922,1.06293560626397,282.615384615385,521.590799681949
"592",10.0982515685356,1.05293791551992,227.678929765886,291.355045159322
"593",9.97030317107998,0.979474669043312,247.505016722408,282.168762525581
"594",10.0166858048541,1.03354474530892,249.792642140468,353.435332189129
"595",10.001687982507,1.01250734514053,244.006688963211,302.613215746387
"596",10.0514382214679,1.01447086512947,248.250836120401,382.985175853838
"597",10.0138959349722,0.98583991536151,235.434782608696,289.272899404238
"598",9.98334616966369,0.983781545758802,246.133779264214,299.412269079386
"599",9.9886806237901,0.998443540804156,238.518394648829,241.17940528367
"600",9.9948605670652,0.939893431755831,224.595317725752,240.773780829744
"601",9.90093654597984,1.05395983824518,291.127090301003,409.801249791612
"602",9.95694714471819,1.05131564548519,275.384615384615,388.763686477522
"603",9.98613240835025,1.03309662358377,241.086956521739,250.321174493423
"604",9.89993179870653,1.0025861527105,260.04347826087,281.564150037818
"605",10.0271920902546,0.933123548169726,220.334448160535,270.671886828701
"606",9.84268335643395,1.01178545441068,298.966555183946,393.413540238248
"607",10.0824119097761,1.04307124622281,229.548494983278,280.767751635521
"608",10.0395953695336,1.03665283867888,247.42474916388,345.181223956345
"609",9.94640081092737,0.963577362032642,252.535117056856,303.795069466989
"610",10.0315323092031,0.985970291040655,237.685618729097,320.673904740855
"611",9.96938080186779,0.976817857537049,254.418060200669,432.879320188931
"612",10.0312305928164,1.00570999604585,242.110367892977,307.197165540809
"613",9.95428229121803,0.98205987459868,249.545150501672,289.80472562548
"614",10.0702687440774,0.979589280970351,216.946488294314,254.647968244231
"615",10.0394418200638,1.06702024300854,243.909698996656,311.545662579431
"616",10.0091062209187,0.986599713020183,250.76254180602,347.918345259364
"617",10.051686961064,1.00328929540115,231.903010033445,279.310970207326
"618",10.0170951498173,0.945370135370311,230.903010033445,269.554742154084
"619",10.0141647723455,0.979509306396125,230.953177257525,260.39385079494
"620",10.1019152852822,1.01798101382409,221.876254180602,278.479141564665
"621",9.92097776752155,1.01469279310478,275.120401337793,388.949780516196
"622",9.97844406240867,0.979471817357933,240.207357859532,275.923775729447
"623",10.0249629237169,1.01504411674385,228.491638795987,255.085870060167
"624",9.90086046411925,0.984074323870392,263.244147157191,323.67876598233
"625",9.95979322376146,1.02261464170494,264.966555183946,387.221689038183
"626",10.002365623329,0.984378105709239,243.839464882943,307.605988141734
"627",9.9810045188711,0.981297253330667,245.250836120401,286.674722641616
"628",9.89793668331914,1.03537421037377,289.919732441472,467.808477968269
"629",9.98014364821761,0.964006654039972,244.147157190635,314.094541430851
"630",9.97477717172695,0.962572292627229,235.755852842809,263.479398079382
"631",10.0377500275704,0.952158768756909,222.591973244147,256.859506559231
"632",9.94124891308062,0.983140322508064,266.076923076923,372.119005783995
"633",9.97649063661166,1.02927907723461,249.648829431438,274.882257448593
"634",9.98139694886587,0.95085487980901,232.454849498328,236.04025180331
"635",9.97234138380745,0.991438695312663,259.688963210702,405.029603995411
"636",9.98616422551778,1.02662522878504,252.458193979933,325.748864788231
"637",10.0839767730775,1.01561837939444,221.260869565217,293.468608774693
"638",10.0442171919553,0.999942900193599,239.511705685619,328.484361170601
"639",9.93856515133455,1.05729737381706,285.795986622074,418.3542803372
"640",10.0051855724283,0.934837805071075,224.137123745819,251.544339947224
"641",10.0406070090488,1.06426385468785,242.899665551839,299.972890217865
"642",10.0014321662151,1.03652343985443,240.665551839465,254.41513765049
"643",9.9901916153167,0.940921608635886,230.173913043478,230.602500586873
"644",9.97835818238178,1.03758619076615,258.371237458194,320.001446057147
"645",9.95195516112166,1.05758293815039,273.732441471572,358.937500847277
"646",9.99676571479672,0.945874540146177,228.725752508361,243.861562056583
"647",10.0056158235346,0.99273183003607,240.167224080268,290.239843186873
"648",9.9714979481357,1.01469939736246,259.608695652174,361.068228774247
"649",9.92414207505757,1.01600199646004,281.836120401338,551.442966712403
"650",10.0262519749512,1.01820916268457,235.364548494983,291.535758016166
"651",10.0362881256822,1.04800682184785,258.903010033445,397.815841290305
"652",10.0663442274817,0.981811736623997,225.100334448161,289.288347999843
"653",10.0089320186149,1.02155661861226,251.545150501672,341.130651329867
"654",10.0432826035972,1.00065813314769,236.120401337793,316.359745875762
"655",10.0111049244675,0.959176200076316,225.354515050167,248.98598665053
"656",10.0185991119993,0.989363325867012,234.200668896321,277.420452108119
"657",10.0818287219083,0.993137957964055,229.317725752508,314.486984056764
"658",9.97344606180251,1.04432835032656,255.852842809365,308.9380572842
"659",10.0479306373295,0.999949124675706,233.682274247492,299.820588500473
"660",10.0141465313279,1.01646961568282,246.785953177258,326.605185688781
"661",9.94447747294708,0.965041055470152,249.267558528428,278.113675972274
"662",10.0507586351842,1.04041086067418,237.347826086957,304.891001681473
"663",9.90273177005736,0.98620433193163,273.782608695652,377.572913397435
"664",10.0250077187484,1.00073671163409,231.086956521739,256.769042928617
"665",10.0627560302971,1.08228997717196,239.04347826087,278.076461135288
"666",9.95258837315687,0.965264629092509,247.260869565217,286.145816609294
"667",10.0594962623874,0.912357617934273,206.056856187291,201.60846526521
"668",10.0771252701144,1.01030648526099,221.341137123746,246.190500282962
"669",10.0286409957383,0.985340105288279,229.602006688963,279.555109398112
"670",10.0859822646049,1.05017506492906,232.866220735786,281.449809852255
"671",10.117869833154,0.972397125187374,210.311036789298,237.232095975654
"672",10.0130596425696,0.989136238467872,228.76254180602,240.430668825003
"673",10.0147885227325,1.03610573389151,244.95652173913,289.981533980366
"674",9.98196647971128,1.07268960024003,273.919732441472,408.686330852197
"675",10.0375746924467,1.01530680553794,236.612040133779,292.724387612086
"676",9.9465869973581,1.00842265691279,264.959866220736,349.082572866617
"677",9.99686817972548,0.997895229401433,255.799331103679,376.040837243402
"678",10.009313554366,1.03739666856655,254.969899665552,345.883795171255
"679",9.98190785210728,0.998073939461596,248.491638795987,328.990691251068
"680",9.92629269983776,0.990019356472112,258.418060200669,300.031210582735
"681",9.97477416199562,1.00758387640468,255.324414715719,325.168369045061
"682",10.0053143292064,1.01380312193192,238.658862876254,263.31432465879
"683",10.0239085238916,0.981499575456203,230.94983277592,274.099907369139
"684",9.96403887765416,0.977785609721407,259.066889632107,444.573669023049
"685",10.052546595649,0.967673583543661,224.765886287625,265.929808648168
"686",9.9768626720319,1.02114725684928,255.357859531773,356.51326353627
"687",9.96421170159727,1.01543102838397,248.290969899666,288.995667077077
"688",9.84668541969138,0.969571930436408,276.177257525084,330.401309805686
"689",9.95852249217577,0.982874226143041,259.224080267559,351.540158696818
"690",9.96875755146279,0.967729142662678,242.645484949833,306.984808345705
"691",9.92413723239829,0.999051820414874,258.28762541806,280.193469019631
"692",9.95128242262066,1.0084962813382,255.270903010033,347.936944920279
"693",10.031408578034,1.00057472875443,231.05016722408,249.439964986612
"694",10.0843196204853,1.06764879116231,241.357859531773,313.156246295776
"695",9.92545950931567,0.977274169533206,253.709030100334,277.546958875919
"696",10.093683762636,0.945886910037459,221.297658862876,391.693828643221
"697",9.87845054806623,0.994349750524556,277.929765886288,402.503989413234
"698",10.1066897436636,1.02583656478037,231.675585284281,304.825659996867
"699",9.96302621805294,1.02610778356535,266.993311036789,439.432054083962
"700",10.1192729293689,1.05816009562432,220.876254180602,261.726575020245
"701",10.0050063913797,0.993825005713461,256.344481605351,556.850502024871
"702",9.99742664753621,0.94749600077907,233.421404682274,294.434658508312
"703",10.0217631193643,0.988138414029626,233.28762541806,263.844366776918
"704",9.91889859241498,0.947936559231596,244.521739130435,252.974894692371
"705",9.96582686567923,0.990597447594924,250.585284280936,315.930322022634
"706",9.95679209217551,1.01207492381784,248.739130434783,269.291461896303
"707",9.96219483990757,0.969235372139436,249.889632107023,304.09569624715
"708",9.97269764988729,1.02867506705353,267.086956521739,387.851073867841
"709",10.063595568538,0.967271776862142,222.648829431438,270.638135573089
"710",10.067852602104,0.920859023341547,206.508361204013,202.675897000994
"711",9.9202869536816,1.03398780315392,272.347826086957,332.458898030247
"712",9.97324631433711,1.04781913862286,266.862876254181,395.017285230185
"713",10.0214056678078,1.06218419360553,247.842809364548,333.936484798126
"714",10.0588662315241,0.945108947048522,210.394648829431,203.133336639977
"715",9.9738357716685,1.01402606845546,253.046822742475,305.50284955932
"716",9.98820493903049,1.06319033375511,260.76254180602,321.845809827602
"717",9.99110277435148,0.946447294076469,237.682274247492,306.368909615031
"718",10.0151783435855,0.975353537593363,240.692307692308,335.71201350928
"719",9.99735511832133,0.989831405488776,246.809364548495,331.102115950923
"720",9.98588357386682,1.01177005520325,244.314381270903,278.617286089577
"721",10.0158230327712,0.935569462358471,222.511705685619,231.391839932504
"722",9.91065289631438,1.01504896201266,262.528428093645,288.504803842394
"723",9.97839295155998,0.959702191424848,235.347826086957,255.409618538344
"724",9.99436397439948,1.02325154733178,251.916387959866,359.716064901171
"725",9.96966221202118,0.975214196566141,250.688963210702,319.342981517088
"726",10.0293176469064,0.960191624484406,230.892976588629,306.698136441705
"727",10.0724573239954,1.00284711249221,221.267558528428,255.552373145955
"728",9.87550341032989,1.03104473420033,271.52508361204,284.196504011205
"729",10.045429318246,1.03649460676853,239.250836120401,297.883711079474
"730",9.97995406741037,0.991174792113528,244.648829431438,278.780458516444
"731",9.94998842287513,1.07171678084322,284.889632107023,458.991304906089
"732",10.0721523264158,0.967946801607359,223.518394648829,281.044185835689
"733",10.0455514372673,0.989355513238497,231.244147157191,277.622330357168
"734",10.0106864117985,1.00424048135817,233.327759197324,260.626863565666
"735",10.0177801552023,0.886405672626501,212.404682274248,200.966139869322
"736",9.99630685201502,1.05133322818668,259.989966555184,366.653856156679
"737",9.97080893525382,1.03752709191534,263.886287625418,340.889303480539
"738",10.0349131704878,1.00328293542026,233.317725752508,282.582439215886
"739",10.0614328020378,0.976897938083438,224.608695652174,284.090939319308
"740",9.92480953384828,1.0175594275546,273.317725752508,381.556635148287
"741",10.0317466884121,0.97295779205068,244.046822742475,373.02728252096
"742",10.0488556903749,0.989312715059332,230.602006688963,286.493962823329
"743",9.86168062337744,1.03423539695753,291.401337792642,388.338112209164
"744",9.99477454000331,0.962717869906884,230.66220735786,249.441610516081
"745",9.98705130819998,0.921154675865585,275.076923076923,804.877974891641
"746",10.007859229071,0.968140574303133,235.341137123746,282.853053152865
"747",10.0175878267351,0.972578831991929,231.638795986622,260.837712087167
"748",9.94886989152134,0.939100684483407,243.478260869565,297.551476617465
"749",10.021262402102,1.0222136946158,240.418060200669,296.953054514491
"750",9.87919275763802,0.978536345575923,266.324414715719,295.780003565664
"751",9.9735891609288,0.991369255691322,246.391304347826,326.567840457042
"752",10.0327744417012,0.92588657671126,222.979933110368,258.49214207676
"753",10.0235991961223,0.97894480256303,233.959866220736,279.36763153891
"754",10.010965034639,0.967106313825459,235.1872909699,345.684718400923
"755",10.0991059423757,0.965886484055894,213.785953177258,254.371948646859
"756",9.92695953625042,1.01701826707401,264.060200668896,313.787743612733
"757",9.96708690271517,1.02916581911207,255.993311036789,300.673840472312
"758",9.98641488068293,1.01420867328182,242.160535117057,249.272890908728
"759",9.9583185099239,0.923093473717198,245.42474916388,351.467532448289
"760",9.89727938148628,0.963924912526696,260.147157190635,312.401820953688
"761",10.0138279862156,0.980182194868326,234.561872909699,286.280155677503
"762",9.89764000604639,0.966276847944779,275.404682274247,404.90759586115
"763",9.99684651184917,1.00781593186787,239.033444816054,273.206031760725
"764",9.97223517998188,1.06206702185819,263.33779264214,328.34077936258
"765",9.95239460571146,0.953220138347843,240.799331103679,256.450198992532
"766",9.91874590456059,1.0802038023059,284.334448160535,389.915920015874
"767",10.02394953881,1.0326186417263,240.1872909699,283.068715491994
"768",9.96645932468929,0.990695762345044,245.775919732441,283.259775870575
"769",9.9395269217126,1.01085664067252,254.685618729097,287.761543994122
"770",9.99359689771353,0.960266622551837,232.046822742475,271.287295054509
"771",9.9658126029624,1.008878492725,254.919732441472,354.975356331412
"772",9.9797931837148,0.99366081000634,253.468227424749,352.052698008459
"773",10.0182317712845,1.08262685927296,259.334448160535,351.00443865711
"774",9.98917499471667,1.01350363838309,270.451505016722,577.136887345025
"775",9.99482503990689,1.06039804049656,257.709030100334,354.197313936827
"776",10.0217117616056,1.01030986083598,244.354515050167,316.570318436174
"777",10.0718472454663,0.984486151761182,216.846153846154,245.899341843467
"778",9.93739258966855,1.00794443887324,277.267558528428,553.088468824567
"779",10.0102774255538,0.98081753142716,235.652173913043,269.79983772518
"780",10.0227616244993,0.99452972530503,229.849498327759,247.500337111998
"781",10.01579445869,0.985770833332,238.602006688963,307.320655610857
"782",10.0522405018688,0.974835292828012,224.936454849498,274.355338299005
"783",9.89800348592845,1.02886207345224,284.638795986622,445.796764232187
"784",10.0778794532267,1.05703613407495,241.665551839465,353.469451112461
"785",10.0151498087613,0.919433143632115,225.311036789298,274.916278125635
"786",10.0062282834597,1.06239119790844,256.411371237458,331.146545963895
"787",10.0016310725492,0.974466955024392,238.023411371237,294.772263568897
"788",10.0158313878486,0.970248868532281,238.829431438127,311.709307344593
"789",9.99298068677095,1.04610569028741,265.016722408027,420.936487566783
"790",9.9252226590111,1.03734104154437,281.732441471572,439.462723355676
"791",10.0415039100897,0.984555367509055,223.923076923077,234.38668525336
"792",10.026277994109,0.98237130659151,226.959866220736,241.719535731691
"793",9.89322101781987,0.966019803915474,257.076923076923,273.482973905148
"794",9.9845687952877,0.988935949541378,258.682274247492,436.592390554522
"795",10.005995852428,0.987378976464168,236.227424749164,262.239263509293
"796",10.013671020606,1.00724927962756,241.264214046823,274.826449978319
"797",10.0259267642084,0.926585006359051,225.692307692308,264.332562627956
"798",9.99777202471785,1.06225057916637,259.133779264214,347.670612111914
"799",9.97871990071239,0.961742367727687,240.57525083612,279.570998395421
"800",9.90154514040932,0.903098484785657,247.19397993311,282.389342520227
"801",9.9974041500167,0.99843124483594,257.518394648829,428.182551582025
"802",10.0250445791203,0.978533423363061,231.321070234114,323.182585880335
"803",9.99562880939259,0.982338108602821,238.210702341137,272.229163023567
"804",9.94755328918751,1.00838737075714,252.448160535117,275.335999411825
"805",9.89520906384248,0.979911134675424,262.334448160535,313.68813090994
"806",9.98164791764622,1.02211437405602,252.652173913043,329.292437634868
"807",9.97740580107253,0.965706261021089,237.725752508361,261.136349427461
"808",9.91701784866207,1.04214881972934,278.076923076923,377.650077864822
"809",9.99773208120327,1.08451595427327,267.635451505017,365.861488002499
"810",10.0003301947715,1.0375033433347,244.966555183946,284.599740513778
"811",9.92136973495917,1.0503687942509,270.933110367893,321.372594513054
"812",10.0233331503169,1.01190984942792,248.591973244147,386.110462602774
"813",10.0171471949421,0.999768104935402,235.722408026756,290.269279977885
"814",10.0506629976897,1.00947032905936,229.010033444816,256.876716636598
"815",9.9167770253561,0.920198235667988,259.959866220736,443.640557988784
"816",9.91233959795062,0.961965296063686,254.809364548495,292.945067426404
"817",9.98856081424151,0.942777085971249,232.284280936455,264.464552350723
"818",9.97449327764506,1.01449253878475,249.401337792642,292.534950814204
"819",10.0667917837708,0.932406704948722,214.227424749164,264.576872116181
"820",10.0679117407683,0.957454188059082,227.936454849498,296.859658799051
"821",9.95449571833671,1.06771856614581,284.371237458194,429.670694072143
"822",10.0900817356274,1.09398115331895,257.05016722408,430.01261979098
"823",9.90302373751341,1.0430823541012,285.160535117057,377.08491688833
"824",10.0138290141371,1.06729317588673,251.946488294314,318.100028292
"825",9.93413759484132,1.01190668830533,268.665551839465,365.089519936866
"826",10.0627565452337,0.999111250920606,233.862876254181,298.870319220833
"827",10.0020921504751,0.982233587176745,237.137123745819,280.200918912634
"828",10.0940825854962,1.01435454126016,219.866220735786,248.834441664509
"829",9.96619210770837,0.968343158346861,240.979933110368,277.436672014568
"830",9.99238729726995,0.941833132345816,239.809364548495,338.697069882381
"831",10.0122699272578,1.08687504306957,264.889632107023,433.1820043029
"832",10.0104956475334,1.00411917696964,244.394648829431,320.237346078839
"833",10.0080871473544,1.00270102363308,240.548494983278,304.570332444651
"834",9.95794585196758,1.01602884909773,258.484949832776,323.641044645829
"835",10.0082044800598,0.918599238164449,217.719063545151,206.815892588814
"836",9.97110733207312,1.05525091127547,262.926421404682,359.398156417753
"837",10.0794409801036,1.02240538427038,234.351170568562,321.623514361491
"838",9.97525310280194,0.955470792815474,227.903010033445,228.356913236985
"839",9.95245566904517,1.01347253615234,255.71237458194,368.865716750699
"840",9.98300413804779,1.02668110505508,253.257525083612,322.619361245152
"841",9.94793874134341,1.04603287640164,278.234113712375,470.464769530368
"842",9.96998974355818,0.962904721534366,250.682274247492,333.481698158821
"843",9.99108317027239,0.980372300453781,243.739130434783,306.37427023768
"844",10.0576893014155,0.973376172690486,219.016722408027,229.960566479408
"845",10.0547666727415,1.00683982318472,225.638795986622,242.157562758692
"846",9.93052650181315,0.985713296704773,262.217391304348,327.075001504669
"847",9.9609230861651,1.02945646572285,268.94983277592,397.816836910955
"848",9.99318058470818,1.03539474804605,264.862876254181,379.831521190232
"849",10.0060673813174,1.03519616018599,241.080267558528,256.258835654373
"850",9.96541557424635,0.99345437882521,245.829431438127,261.64547906428
"851",9.97887212123992,0.999613430413337,261.170568561873,419.623002345351
"852",10.0631789363992,0.966098483096218,221.588628762542,261.680259847301
"853",10.0341194362263,1.0128724604436,238.903010033445,309.710040769306
"854",9.92719540569416,1.04641896210026,282.943143812709,405.874364936036
"855",10.1061782714706,1.02519883040577,230.217391304348,319.739684751913
"856",10.0230931097306,1.07738505042556,255.397993311037,324.528773704895
"857",10.1534600803268,0.961033488764734,207.444816053512,246.264221062227
"858",9.91207964267776,0.992180806904672,254.294314381271,269.07995181901
"859",10.1103530665781,0.992415318084603,215.140468227425,267.788608032019
"860",9.96797213706061,0.947824674025812,247.859531772575,358.067417540996
"861",9.88850908797677,1.05912639870976,295.137123745819,486.626392866902
"862",10.0711628826728,0.967413937619085,225.150501672241,332.961735852175
"863",10.0093980393705,0.997550267420955,244.896321070234,320.500917639711
"864",9.96488055465548,1.04460553645562,256.772575250836,308.106756835639
"865",9.96479841387721,1.00140531204532,244.013377926421,273.500843197652
"866",9.99975379334371,1.00121527261036,233.909698996656,261.292364741216
"867",9.96769558045623,0.966997079988871,240.819397993311,272.677946624723
"868",9.96934655165895,0.937713461381549,237.387959866221,296.139291304867
"869",9.96912460156399,1.0294762132746,267.367892976589,398.361432173764
"870",10.0222677989563,1.0131711144935,239.103678929766,336.529443579334
"871",9.98183121974405,0.999729976437163,253.779264214047,326.134588635052
"872",9.97270354879838,1.02955205216675,260.023411371237,402.012532928112
"873",10.0380787583877,0.945700254093991,231.745819397993,316.805609539698
"874",10.0546062779305,1.0435352104774,229.849498327759,264.410349604427
"875",10.0266400561288,1.01539986232664,245.903010033445,332.841650619153
"876",10.0514891476222,0.936369150313876,217.936454849498,257.994913017862
"877",10.0378714206217,0.970096083040638,231.882943143813,320.389951701111
"878",9.98770245758092,0.963513508409461,239.214046822742,297.881807903532
"879",10.0094489628779,1.01082302654503,233.602006688963,241.058513314915
"880",10.0391169879378,0.992380270809897,231.374581939799,284.027742564675
"881",10.034466837656,0.957741102390545,223.421404682274,243.366785515156
"882",10.0237094085588,0.966416173488582,227.551839464883,246.126392657741
"883",10.026878454461,1.02508456534559,251.652173913043,352.112425924199
"884",9.98719003916459,1.06696025531616,256.301003344482,305.32568654596
"885",10.0602794238051,1.01806980105442,234.464882943144,297.661367782312
"886",10.0761484065229,0.999845177824138,232.110367892977,344.486094038795
"887",9.9497228896771,0.954513199901517,248.979933110368,294.59955689856
"888",10.0234310078431,1.00860765401674,238.411371237458,277.965803515383
"889",10.0339662209207,1.08515489329839,252.90635451505,332.414359854289
"890",10.0647132556881,1.02412080360786,249.458193979933,390.729717544707
"891",10.0046714725082,1.02864471395301,246.742474916388,314.867475960943
"892",9.96164449845103,0.966412330302071,247.484949832776,338.101026770008
"893",9.94963163517467,0.982238473170839,249.541806020067,287.43545658594
"894",9.98077210971059,1.02797632777993,250.896321070234,287.957338527643
"895",9.94289723206443,0.970925416847991,250.163879598662,278.27893259915
"896",10.0330807180017,1.07302199918581,248.8127090301,336.394271271047
"897",9.95081330923172,0.96731914058293,248.003344481605,300.899507164096
"898",10.0125149034022,0.99960006546635,243.735785953177,307.44588724008
"899",9.94064164039558,1.03322450489182,271.458193979933,369.141804601037
"900",10.0059636656476,1.04711960719881,249.966555183946,324.874749564407
"901",9.94498848319044,1.03595119607605,269.301003344482,378.16785853266
"902",9.97325731094765,0.973886408383017,250.842809364548,317.547098509728
"903",10.0725019803125,0.942559803750492,223.565217391304,354.041751785841
"904",9.99506461933199,0.966245533295653,231.739130434783,239.515490049679
"905",9.99656707773153,0.992726240722968,243.66220735786,326.045406331299
"906",10.011635478354,1.03451904078326,259.321070234114,386.257847500731
"907",9.8995743289796,0.964474913835731,263.391304347826,333.4030514096
"908",9.94014764093608,0.987843040328497,255.344481605351,312.5901937943
"909",10.0757775539895,0.999661688167624,228.695652173913,336.847481589986
"910",10.0054443632595,0.95828504988722,239.822742474916,394.404161959502
"911",10.1242750864857,0.978117096526141,215.100334448161,262.777887363332
"912",10.0446511113889,0.9923572798838,235.943143812709,299.687678776118
"913",9.98936100885714,0.934986242335425,236.307692307692,280.272085517798
"914",10.0506641154132,1.01589687906328,231.685618729097,273.588939001859
"915",10.132850025441,0.986920436957874,209.782608695652,270.160733101519
"916",9.99084557317953,0.999695309898129,246.959866220736,294.428507510535
"917",10.0552218695972,1.03022104426116,254.90635451505,408.906445454191
"918",9.98843142499709,0.987337257027891,241.227424749164,276.285734638657
"919",9.98780256303584,0.93287610464616,228.314381270903,257.83887877885
"920",10.0138871097654,0.968899798183407,239.010033444816,341.248679078495
"921",10.0187049974446,1.00200348596104,240.571906354515,292.543538915353
"922",10.0186749066787,1.06500617725126,254.983277591973,357.122358462829
"923",10.0747645860659,1.00620408048887,218.755852842809,236.145197465667
"924",9.86760463440085,1.02017253918142,280.658862876254,333.657226776089
"925",10.0559063483401,1.09971842725998,258.254180602007,361.78260502161
"926",9.98787978061078,1.0131008485606,245.120401337793,290.247705281738
"927",9.98674086455528,1.02177547982965,252.729096989967,320.958626287109
"928",10.0733976057095,0.964488032145701,222.595317725752,286.781059261516
"929",10.0675466521765,0.98574512151929,216.946488294314,230.405239324318
"930",9.96862833767324,0.974373933176511,244.879598662207,297.133891054624
"931",9.99205767121157,1.06799579535997,260.190635451505,327.202778360827
"932",10.0039226083739,1.00442575746883,237.033444816054,270.215981633285
"933",9.94419743152576,1.03015531801571,284.638795986622,469.164339883883
"934",9.91188244153686,1.00197101686757,274.76254180602,448.537422366647
"935",9.96520925009466,0.991209522347582,260.632107023411,376.026637335461
"936",9.95055283598071,1.05813379943651,257.685618729097,270.422255250501
"937",9.95090214626588,1.04579829998685,262.739130434783,293.403984570178
"938",10.0456541235373,0.997609983255531,259.879598662207,546.759936725335
"939",10.0665034077794,1.04101100991043,237.665551839465,286.236271645149
"940",10.0735340979842,0.955717674465491,219.508361204013,264.02548896361
"941",9.96871502158872,1.14169039859453,289.785953177258,429.247391556116
"942",10.0357991347529,1.06004609534782,241.14381270903,280.554309999401
"943",10.0681250815844,1.01808999015569,225.923076923077,261.342964454174
"944",10.0016359732372,1.02431628130408,259.127090301003,466.033452044729
"945",9.95910303251551,1.04244739285691,287.545150501672,602.850550058859
"946",9.9736891446486,1.00270307056873,260.862876254181,471.962536115312
"947",10.0195103040202,0.998905162522267,240.869565217391,332.8430707936
"948",10.0513001479295,1.02487877266651,243.588628762542,310.588369993081
"949",10.0067549239539,1.05010261791477,263.274247491639,385.038076700317
"950",9.96750182858725,1.00144627194624,255.23745819398,361.333901524384
"951",9.92194966080003,0.994994575669931,260.919732441472,335.90135213737
"952",10.0309257850963,1.11402241546742,284.434782608696,618.606442849655
"953",10.0316862259259,0.997349382411445,234.61872909699,300.997260434349
"954",10.0147081717561,1.01180748681894,261.545150501672,474.114838057196
"955",10.0030579758859,0.971063053708255,234.939799331104,275.146409570048
"956",10.011407479425,0.94926070649357,236.14381270903,322.942359933016
"957",10.0023945687389,1.00780966526511,248.779264214047,330.605776265521
"958",10.085945582634,1.00909148429167,226.498327759197,268.275544197834
"959",10.0082198294479,1.05779663783877,275.33779264214,544.041947414709
"960",9.94952900222619,1.02929933157957,260.377926421405,323.443035109409
"961",10.0588659269531,1.01029343291013,232.080267558528,281.255347889968
"962",10.0009325680117,1.00068397355688,250.71237458194,356.548373292268
"963",10.0943257485164,0.967289730085372,224.548494983278,322.180344921548
"964",9.98736402786411,1.02289605152344,245.732441471572,294.713116080124
"965",9.94278927956519,0.949879920447054,249.454849498328,307.990609006948
"966",9.97161977441758,0.970888811670491,242.297658862876,280.938435231767
"967",10.0192174790169,0.963670401057132,237.531772575251,331.415726926514
"968",9.96000508415973,0.934039546787772,237.153846153846,273.402712799325
"969",10.064982344701,1.00621901776834,222.130434782609,256.325440118268
"970",9.99892903557545,1.03252505197386,252.692307692308,339.572518928978
"971",10.0461801269205,0.970655278463798,228.541806020067,271.815115729441
"972",10.0658884213891,1.03988783253801,244.886287625418,388.881989543365
"973",10.0863193328924,0.950299723068457,207.846153846154,227.080544229074
"974",10.0001496035545,1.01337304378151,245.103678929766,302.427748240606
"975",9.93597496909722,0.979011611249461,256.394648829431,314.33688288908
"976",10.0756300360883,0.992180381167252,217.505016722408,242.408210971824
"977",9.9704818551907,0.99301032482914,246.675585284281,288.13738527165
"978",9.9557672331703,0.987755589095802,248.377926421405,279.703991990252
"979",9.91487131954042,0.952754578998835,248.846153846154,261.274219667143
"980",9.96212707589447,1.0142175753447,251.100334448161,277.592314834041
"981",10.0246831242772,1.04060710920437,250.913043478261,380.415137681123
"982",10.041663691552,1.02059721484552,233.438127090301,289.834838442524
"983",10.096235138612,1.01721840370465,243.752508361204,490.89782041273
"984",10.0018396070405,0.912976512620388,222.458193979933,237.724886304609
"985",10.0099419843349,0.986232653734667,231.394648829431,261.351889552402
"986",9.96812322287976,0.972447601550607,250.963210702341,325.441396673581
"987",9.98955872320495,0.98484282292899,252.882943143813,376.205306395904
"988",10.1047025700025,1.06741785601416,238.829431438127,344.895083264089
"989",10.0121693332477,0.98382150855737,236.150501672241,272.058152509832
"990",10.0459017908466,0.978658303682116,226.795986622074,287.424098852703
"991",9.84746327246827,1.00223291883163,287.404682274247,341.85801064344
"992",10.0867054725152,1.03839249317871,234.899665551839,359.365515585224
"993",10.1111157364416,1.04523701081073,242.280936454849,455.183915928414
"994",9.99664225165553,0.978050641210551,234.869565217391,255.616204501009
"995",9.99488659681083,0.951141324681614,228.826086956522,241.750849033591
"996",9.92977373688892,1.03499874319812,272.290969899666,359.327558429691
"997",10.0528100099594,1.06495782648848,256.799331103679,415.624669187399
"998",10.0432196845752,0.944016079239177,223.8127090301,263.114665536699
"999",10.0875167209861,0.996831958461122,221.404682274248,273.743327787554
"1000",10.0425263352764,1.02509281344085,233.986622073579,262.533040084228
